metric,value
prediction,1193.3870967741934
q10,812.0
q25,938.0
q75,1421.0
q90,1735.9998931884766
threshold,1716.8468332683678
alert,0.0
