metric,value
prediction,1063.829821386344
q10,1032.008750293437
q25,1024.2768125243854
q50,1041.1111430808717
q75,1251.800981738474
q90,1868.615854500149
threshold,1716.8468332683678
alert,0.0
